date,group,home_team,away_team,home_goals,away_goals,p_H,p_D,p_A
2026-11-12,A3,England,Croatia,2.3912,0.9015,0.7038,0.1723,0.1239
2026-11-12,A1,Italy,France,1.2298,1.5446,0.3033,0.2506,0.4461
2026-11-12,C1,San Marino,Belarus,0.3574,3.0153,0.0236,0.0825,0.8939
2026-11-12,C2,Montenegro,Latvia,1.6211,0.6736,0.6025,0.2448,0.1527
2026-11-12,A3,Czech Republic,Spain,0.7088,2.5275,0.0830,0.1483,0.7687
2026-11-12,C2,Armenia,Cyprus,1.5809,1.3685,0.4251,0.2439,0.3311
2026-11-12,A1,Turkey,Belgium,1.2916,2.0747,0.2347,0.2109,0.5545
2026-11-12,C1,Albania,Finland,1.0139,0.8487,0.3842,0.3205,0.2953
2026-11-13,A2,Netherlands,Greece,1.7540,0.9072,0.5736,0.2339,0.1925
2026-11-13,B1,Scotland,North Macedonia,1.9394,0.6760,0.6734,0.2054,0.1212
2026-11-13,A2,Serbia,Germany,1.0484,2.0515,0.1866,0.2083,0.6051
2026-11-13,B1,Slovenia,Switzerland,0.7735,1.3985,0.2073,0.2748,0.5179
2026-11-13,D2,Liechtenstein,Azerbaijan,0.3082,1.5565,0.0697,0.2387,0.6917
2026-11-13,C4,Luxembourg,Estonia,0.8690,0.7785,0.3523,0.3465,0.3011
2026-11-13,C4,Bulgaria,Iceland,1.0988,1.7181,0.2428,0.2385,0.5186
2026-11-13,C3,Slovakia,Faroe Islands,1.8075,0.5671,0.6744,0.2158,0.1098
2026-11-13,C3,Moldova,Kazakhstan,1.1270,1.4368,0.2961,0.2623,0.4416
2026-11-13,D1,Andorra,Gibraltar,0.7281,0.5131,0.3635,0.4075,0.2289
2026-11-14,B3,Kosovo,Israel,1.8164,1.1837,0.5219,0.2301,0.2480
2026-11-14,A4,Norway,Wales,2.2136,0.8221,0.6905,0.1843,0.1252
2026-11-14,B2,Georgia,Hungary,1.1141,1.0781,0.3631,0.2919,0.3450
2026-11-14,B4,Sweden,Bosnia and Herzegovina,2.2201,1.0122,0.6473,0.1923,0.1604
2026-11-14,B4,Romania,Poland,1.2109,1.5229,0.3024,0.2527,0.4448
2026-11-14,A4,Portugal,Denmark,1.7774,0.9679,0.5641,0.2324,0.2035
2026-11-14,B3,Austria,Republic of Ireland,1.5592,0.7742,0.5602,0.2545,0.1853
2026-11-14,B2,Northern Ireland,Ukraine,1.1026,1.0497,0.3659,0.2950,0.3391
2026-11-15,A3,Spain,England,1.7036,1.0018,0.5384,0.2399,0.2217
2026-11-15,A1,Belgium,Italy,1.6732,1.1520,0.4954,0.2420,0.2626
2026-11-15,A1,France,Turkey,2.9129,0.9066,0.7815,0.1314,0.0870
2026-11-15,A3,Croatia,Czech Republic,2.0341,1.1125,0.5865,0.2113,0.2022
2026-11-15,C1,Finland,San Marino,4.2935,0.2307,0.9709,0.0247,0.0044
2026-11-15,C2,Cyprus,Montenegro,1.2656,1.4173,0.3358,0.2583,0.4059
2026-11-15,C2,Latvia,Armenia,1.1076,1.1889,0.3381,0.2836,0.3782
2026-11-15,C1,Belarus,Albania,0.9065,1.0329,0.3098,0.3134,0.3768
2026-11-16,B1,North Macedonia,Slovenia,0.6688,1.1892,0.2080,0.3070,0.4850
2026-11-16,B1,Switzerland,Scotland,2.1499,0.8294,0.6769,0.1908,0.1323
2026-11-16,A2,Greece,Serbia,1.5123,0.7814,0.5462,0.2603,0.1934
2026-11-16,D1,Gibraltar,Malta,0.6735,1.4696,0.1706,0.2655,0.5639
2026-11-16,A2,Germany,Netherlands,1.8717,1.5474,0.4556,0.2228,0.3216
2026-11-16,C4,Estonia,Bulgaria,1.1248,1.0206,0.3789,0.2952,0.3259
2026-11-16,C4,Iceland,Luxembourg,1.8087,0.6152,0.6617,0.2182,0.1201
2026-11-16,C3,Kazakhstan,Slovakia,0.8252,1.7175,0.1778,0.2364,0.5858
2026-11-16,C3,Faroe Islands,Moldova,1.5017,0.7798,0.5439,0.2616,0.1945
2026-11-16,D2,Lithuania,Liechtenstein,1.7061,0.2262,0.7496,0.2063,0.0440
2026-11-17,B4,Poland,Sweden,1.7307,1.5999,0.4131,0.2286,0.3583
2026-11-17,B3,Israel,Austria,1.2768,2.1115,0.2265,0.2080,0.5655
2026-11-17,B4,Bosnia and Herzegovina,Romania,1.3546,1.1049,0.4248,0.2700,0.3052
2026-11-17,B2,Ukraine,Georgia,1.5691,1.0482,0.4941,0.2524,0.2535
2026-11-17,A4,Denmark,Norway,1.7430,1.3598,0.4656,0.2338,0.3006
2026-11-17,A4,Wales,Portugal,0.6943,1.9024,0.1284,0.2106,0.6610
2026-11-17,B2,Hungary,Northern Ireland,1.0970,0.7705,0.4297,0.3154,0.2548
2026-11-17,B3,Republic of Ireland,Kosovo,1.0916,0.8819,0.4008,0.3086,0.2906
