group,team,p1,p2,p3,p4
A1,Belgium,0.1609,0.5571,0.2544,0.0276
A1,France,0.7696,0.1763,0.0532,0.0009
A1,Italy,0.0686,0.2508,0.6125,0.0681
A1,Turkey,0.0009,0.0158,0.0799,0.9034
A2,Germany,0.1489,0.2956,0.4841,0.0714
A2,Greece,0.3591,0.3787,0.2537,0.0085
A2,Netherlands,0.4902,0.3131,0.1864,0.0103
A2,Serbia,0.0018,0.0126,0.0758,0.9098
A3,Croatia,0.0133,0.2199,0.7105,0.0563
A3,Czech Republic,0.0001,0.0028,0.0601,0.9370
A3,England,0.0740,0.6946,0.2249,0.0065
A3,Spain,0.9126,0.0827,0.0045,0.0002
A4,Denmark,0.1322,0.3637,0.4661,0.0380
A4,Norway,0.1173,0.4386,0.3963,0.0478
A4,Portugal,0.7496,0.1831,0.0659,0.0014
A4,Wales,0.0009,0.0146,0.0717,0.9128
B1,North Macedonia,0.0002,0.0264,0.1149,0.8585
B1,Scotland,0.0131,0.3628,0.5117,0.1124
B1,Slovenia,0.0512,0.5530,0.3668,0.0290
B1,Switzerland,0.9355,0.0578,0.0066,0.0001
B2,Georgia,0.0553,0.1708,0.2745,0.4994
B2,Hungary,0.0902,0.2474,0.3183,0.3441
B2,Northern Ireland,0.2323,0.3521,0.2930,0.1226
B2,Ukraine,0.6222,0.2297,0.1142,0.0339
B3,Austria,0.7962,0.1508,0.0493,0.0037
B3,Israel,0.0050,0.0677,0.1714,0.7559
B3,Kosovo,0.0846,0.3961,0.3745,0.1448
B3,Republic of Ireland,0.1142,0.3854,0.4048,0.0956
B4,Bosnia and Herzegovina,0.1276,0.4044,0.3421,0.1259
B4,Poland,0.0546,0.3231,0.3614,0.2609
B4,Romania,0.0121,0.1273,0.2516,0.6090
B4,Sweden,0.8057,0.1452,0.0449,0.0042
C1,Albania,0.6155,0.2891,0.0954,0.0000
C1,Belarus,0.0555,0.2567,0.6865,0.0013
C1,Finland,0.3290,0.4542,0.2168,0.0000
C1,San Marino,0.0000,0.0000,0.0013,0.9987
C2,Armenia,0.1090,0.4705,0.2854,0.1351
C2,Cyprus,0.0472,0.2956,0.3959,0.2613
C2,Latvia,0.0166,0.0942,0.2905,0.5987
C2,Montenegro,0.8272,0.1397,0.0282,0.0049
C3,Faroe Islands,0.0252,0.3313,0.4439,0.1996
C3,Kazakhstan,0.0312,0.4911,0.3112,0.1665
C3,Moldova,0.0040,0.1263,0.2363,0.6334
C3,Slovakia,0.9396,0.0513,0.0086,0.0005
C4,Bulgaria,0.0333,0.1323,0.2986,0.5358
C4,Estonia,0.0764,0.3264,0.3436,0.2536
C4,Iceland,0.7988,0.1515,0.0385,0.0112
C4,Luxembourg,0.0915,0.3898,0.3193,0.1994
D1,Andorra,0.0239,0.5464,0.4297,
D1,Gibraltar,0.0467,0.3933,0.5600,
D1,Malta,0.9294,0.0603,0.0103,
D2,Azerbaijan,0.5140,0.4709,0.0151,
D2,Liechtenstein,0.0027,0.0159,0.9814,
D2,Lithuania,0.4833,0.5132,0.0035,
