Match Number,Round Number,Date,Location,Home Team,Away Team,Group,Result
79,1,24/09/2026 16:00,Estadi FAF,Andorra,Malta,Group D1,1 - 2
80,1,24/09/2026 18:45,Estádio José Alvalade,Portugal,Wales,Group A4,1 - 0
81,1,24/09/2026 18:45,Johan Cruijff ArenA,Netherlands,Germany,Group A2,1 - 1
82,1,24/09/2026 18:45,Stadion Rajko Mitic,Serbia,Greece,Group A2,1 - 2
83,1,24/09/2026 18:45,Ullevaal Stadion,Norway,Denmark,Group A4,3 - 2
84,1,24/09/2026 18:45,Oberösterreich Arena,Austria,Israel,Group B3,3 - 1
85,1,24/09/2026 18:45,Stadiumi Fadil Vokrri,Kosovo,Republic of Ireland,Group B3,1 - 0
86,1,24/09/2026 18:45,Rheinpark Stadion,Liechtenstein,Lithuania,Group D2,0 - 2
87,1,25/09/2026 16:00,Boris Paichadze National Stadium Dinamo Arena,Georgia,Northern Ireland,Group B2,0 - 1
88,1,25/09/2026 16:00,Republican Stadium after Vazgen Sargsyan,Armenia,Latvia,Group C2,2 - 0
89,1,25/09/2026 18:45,Stadio Olimpico,Italy,Belgium,Group A1,0 - 2
90,1,25/09/2026 18:45,Kocaeli Stadium,Türkiye,France,Group A1,0 - 1
91,1,25/09/2026 18:45,Puskás Aréna,Hungary,Ukraine,Group B2,0 - 1
92,1,25/09/2026 18:45,Stadion Narodowy,Poland,Bosnia and Herzegovina,Group B4,0 - 0
93,1,25/09/2026 18:45,Strawberry Arena,Sweden,Romania,Group B4,2 - 1
94,1,25/09/2026 18:45,Gradski Stadion Podgorica,Montenegro,Cyprus,Group C2,2 - 1
95,1,26/09/2026 13:00,Stadion Stožice,Slovenia,Scotland,Group B1,0 - 0
96,1,26/09/2026 16:00,Laugardalsvöllur,Iceland,Estonia,Group C4,1 - 1
97,1,26/09/2026 16:00,Tórsvøllur,Faroe Islands,Kazakhstan,Group C3,1 - 1
98,1,26/09/2026 16:00,San Marino Stadium,San Marino,Finland,Group C1,0 - 7
99,1,26/09/2026 16:00,Hristo Botev Stadium,Bulgaria,Luxembourg,Group C4,1 - 2
100,1,26/09/2026 18:45,Wembley Stadium,England,Spain,Group A3,2 - 3
101,1,26/09/2026 18:45,Arena Kombëtare,Albania,Belarus,Group C1,2 - 0
102,1,26/09/2026 18:45,Tatran,Slovakia,Moldova,Group C3,2 - 0
103,1,26/09/2026 18:45,National Arena Todor Proeski ,North Macedonia,Switzerland,Group B1,0 - 3
104,1,26/09/2026 18:45,Eden Arena,Czechia,Croatia,Group A3,1 - 2
105,2,27/09/2026 13:00,Dariaus ir Gireno Stadionas,Lithuania,Azerbaijan,Group D2,1 - 1
106,2,27/09/2026 16:00,Parken,Denmark,Wales,Group A4,2 - 0
107,2,27/09/2026 16:00,Ernst-Happel-Stadion,Austria,Kosovo,Group B3,3 - 1
108,2,27/09/2026 16:00,Europa Point Stadium,Gibraltar,Andorra,Group D1,0 - 0
109,2,27/09/2026 16:00,Stadion Rajko Mitic,Serbia,Netherlands,Group A2,1 - 2
110,2,27/09/2026 18:45,Augsburg Arena,Germany,Greece,Group A2,0 - 1
111,2,27/09/2026 18:45,Ullevaal Stadion,Norway,Portugal,Group A4,1 - 2
112,2,27/09/2026 18:45,Nagyerdei Stadion,Israel,Republic of Ireland,Group B3,0 - 3
113,2,28/09/2026 16:00,Republican Stadium after Vazgen Sargsyan,Armenia,Montenegro,Group C2,2 - 3
114,2,28/09/2026 16:00,Skonto Stadions,Latvia,Cyprus,Group C2,0 - 0
115,2,28/09/2026 16:00,Boris Paichadze National Stadium Dinamo Arena,Georgia,Ukraine,Group B2,0 - 0
116,2,28/09/2026 18:45,National Arena Bucharest,Romania,Bosnia and Herzegovina,Group B4,2 - 4
117,2,28/09/2026 18:45,Strawberry Arena,Sweden,Poland,Group B4,3 - 1
118,2,28/09/2026 18:45,National Football Stadium at Windsor Park,Northern Ireland,Hungary,Group B2,0 - 0
119,2,28/09/2026 18:45,King Baudouin Stadium,Belgium,France,Group A1,0 - 1
120,2,28/09/2026 18:45,Atatürk Spor Kompleksi,Türkiye,Italy,Group A1,1 - 4
121,2,29/09/2026 16:00,Helsinki Olympic Stadium,Finland,Belarus,Group C1,0 - 0
122,2,29/09/2026 16:00,Stadionul Zimbru,Moldova,Faroe Islands,Group C3,1 - 1
123,2,29/09/2026 18:45,Stadion Stožice,Slovenia,North Macedonia,Group B1,2 - 0
124,2,29/09/2026 18:45,San Marino Stadium,San Marino,Albania,Group C1,0 - 3
125,2,29/09/2026 18:45,Košická futbalová aréna,Slovakia,Kazakhstan,Group C3,2 - 1
126,2,29/09/2026 18:45,Hristo Botev Stadium,Bulgaria,Estonia,Group C4,0 - 0
127,2,29/09/2026 18:45,Stade de Luxembourg,Luxembourg,Iceland,Group C4,0 - 3
128,2,29/09/2026 18:45,Estadio Ramón Sánchez-Pizjuán,Spain,Croatia,Group A3,4 - 1
129,2,29/09/2026 18:45,Eden Arena,Czechia,England,Group A3,0 - 2
130,2,29/09/2026 18:45,Hampden Park,Scotland,Switzerland,Group B1,0 - 3
131,3,01/10/2026 16:00,Tofiq Bahramov Republican Stadium,Azerbaijan,Liechtenstein,Group D2,0 - 0
132,3,01/10/2026 18:45,Cardiff City Stadium,Wales,Norway,Group A4,2 - 1
133,3,01/10/2026 18:45,Toumba Stadium,Greece,Netherlands,Group A2,2 - 2
134,3,01/10/2026 18:45,Nagyerdei Stadion,Israel,Kosovo,Group B3,0 - 0
135,3,01/10/2026 18:45,Aviva Stadium,Republic of Ireland,Austria,Group B3,2 - 2
136,3,01/10/2026 18:45,Fußball Arena München,Germany,Serbia,Group A2,2 - 0
137,3,01/10/2026 18:45,National Stadium,Malta,Gibraltar,Group D1,1 - 1
138,3,01/10/2026 18:45,Parken,Denmark,Portugal,Group A4,2 - 4
139,3,02/10/2026 14:00,Astana Arena,Kazakhstan,Moldova,Group C3,1 - 2
140,3,02/10/2026 16:00,Skonto Stadions,Latvia,Montenegro,Group C2,1 - 2
141,3,02/10/2026 16:00,GSP,Cyprus,Armenia,Group C2,2 - 0
142,3,02/10/2026 18:45,Štadión Antona Malatinského,Ukraine,Northern Ireland,Group B2,0 - 3
143,3,02/10/2026 18:45,Stade de France,France,Italy,Group A1,1 - 1
144,3,02/10/2026 18:45,Stade Maurice Dufrasne,Belgium,Türkiye,Group A1,3 - 0
145,3,02/10/2026 18:45,Puskás Aréna,Hungary,Georgia,Group B2,1 - 0
146,3,02/10/2026 18:45,Stadion Narodowy,Poland,Romania,Group B4,6 - 0
147,3,02/10/2026 18:45,Stadion Bilino Polje,Bosnia and Herzegovina,Sweden,Group B4,1 - 1
148,3,02/10/2026 18:45,Tórsvøllur,Faroe Islands,Slovakia,Group C3,1 - 1
149,3,03/10/2026 13:00,Helsinki Olympic Stadium,Finland,Albania,Group C1,2 - 1
150,3,03/10/2026 16:00,Stadion HNK Rijeka,Croatia,England,Group A3,0 - 7
151,3,03/10/2026 16:00,Laugardalsvöllur,Iceland,Bulgaria,Group C4,3 - 0
152,3,03/10/2026 16:00,Illovszky Rudolf Stadion                   ,Belarus,San Marino,Group C1,4 - 0
153,3,03/10/2026 16:00,Lilleküla Stadium,Estonia,Luxembourg,Group C4,1 - 0
154,3,03/10/2026 18:45,Nuevo Carlos Tartiere,Spain,Czechia,Group A3,3 - 1
155,3,03/10/2026 18:45,Luzern Arena,Switzerland,Slovenia,Group B1,2 - 1
156,3,03/10/2026 18:45,National Arena Todor Proeski ,North Macedonia,Scotland,Group B1,0 - 2
1,4,04/10/2026 13:00,8 KM Stadium,Azerbaijan,Lithuania,Group D2,1 - 0
2,4,04/10/2026 16:00,Stadiumi Fadil Vokrri,Kosovo,Austria,Group B3,1 - 1
3,4,04/10/2026 16:00,National Stadium,Malta,Andorra,Group D1,1 - 0
4,4,04/10/2026 18:45,Estádio do Dragão,Portugal,Norway,Group A4,2 - 1
5,4,04/10/2026 18:45,PSV Stadion,Netherlands,Serbia,Group A2,2 - 1
6,4,04/10/2026 18:45,Toumba Stadium,Greece,Germany,Group A2,0 - 0
7,4,04/10/2026 18:45,TSC Arena,Republic of Ireland,Israel,Group B3,1 - 1
8,4,04/10/2026 18:45,Cardiff City Stadium,Wales,Denmark,Group A4,0 - 1
9,4,05/10/2026 16:00,GSP,Cyprus,Latvia,Group C2,2 - 1
10,4,05/10/2026 18:45,Štadión Antona Malatinského,Ukraine,Hungary,Group B2,1 - 2
11,4,05/10/2026 18:45,National Arena Bucharest,Romania,Sweden,Group B4,0 - 1
12,4,05/10/2026 18:45,National Football Stadium at Windsor Park,Northern Ireland,Georgia,Group B2,0 - 0
13,4,05/10/2026 18:45,Gradski Stadion Podgorica,Montenegro,Armenia,Group C2,0 - 0
14,4,05/10/2026 18:45,Stade de France,France,Belgium,Group A1,4 - 1
15,4,05/10/2026 18:45,Stadio Renato Dall'Ara,Italy,Türkiye,Group A1,3 - 1
16,4,05/10/2026 18:45,Stadion Bilino Polje,Bosnia and Herzegovina,Poland,Group B4,1 - 0
17,4,06/10/2026 14:00,Astana Arena,Kazakhstan,Faroe Islands,Group C3,2 - 2
18,4,06/10/2026 18:45,Luzern Arena,Switzerland,North Macedonia,Group B1,3 - 0
19,4,06/10/2026 18:45,Arena Kombëtare,Albania,San Marino,Group C1,2 - 1
20,4,06/10/2026 18:45,Illovszky Rudolf Stadion                   ,Belarus,Finland,Group C1,1 - 0
21,4,06/10/2026 18:45,Stade de Luxembourg,Luxembourg,Bulgaria,Group C4,0 - 2
22,4,06/10/2026 18:45,Stadionul Zimbru,Moldova,Slovakia,Group C3,0 - 4
23,4,06/10/2026 18:45,Lilleküla Stadium,Estonia,Iceland,Group C4,0 - 0
24,4,06/10/2026 18:45,Stadion Poljud,Croatia,Spain,Group A3,1 - 2
25,4,06/10/2026 18:45,Wembley Stadium,England,Czechia,Group A3,3 - 0
26,4,06/10/2026 18:45,Hampden Park,Scotland,Slovenia,Group B1,1 - 2
27,5,12/11/2026 17:00,Gürsel Aksel Stadium,Türkiye,Belgium,Group A1,
28,5,12/11/2026 17:00,Republican Stadium after Vazgen Sargsyan,Armenia,Cyprus,Group C2,
29,5,12/11/2026 19:45,Stadion Letná,Czechia,Spain,Group A3,
30,5,12/11/2026 19:45,Arena Kombëtare,Albania,Finland,Group C1,
31,5,12/11/2026 19:45,Gradski Stadion Podgorica,Montenegro,Latvia,Group C2,
32,5,12/11/2026 19:45,San Marino Stadium,San Marino,Belarus,Group C1,
33,5,12/11/2026 19:45,Stadio San Siro,Italy,France,Group A1,
34,5,12/11/2026 19:45,Wembley Stadium,England,Croatia,Group A3,
35,5,13/11/2026 17:00,Stadionul Zimbru,Moldova,Kazakhstan,Group C3,
36,5,13/11/2026 19:45,Košická futbalová aréna,Slovakia,Faroe Islands,Group C3,
37,5,13/11/2026 19:45,Stade de Luxembourg,Luxembourg,Estonia,Group C4,
38,5,13/11/2026 19:45,Hristo Botev Stadium,Bulgaria,Iceland,Group C4,
39,5,13/11/2026 19:45,Estadi FAF,Andorra,Gibraltar,Group D1,
40,5,13/11/2026 19:45,Rheinpark Stadion,Liechtenstein,Azerbaijan,Group D2,
41,5,13/11/2026 19:45,Johan Cruijff ArenA,Netherlands,Greece,Group A2,
42,5,13/11/2026 19:45,Stadion Rajko Mitic,Serbia,Germany,Group A2,
43,5,13/11/2026 19:45,Hampden Park,Scotland,North Macedonia,Group B1,
44,5,13/11/2026 19:45,Stadion Stožice,Slovenia,Switzerland,Group B1,
45,5,14/11/2026 14:00,Stadiumi Fadil Vokrri,Kosovo,Israel,Group B3,
46,5,14/11/2026 17:00,Ullevaal Stadion,Norway,Wales,Group A4,
47,5,14/11/2026 17:00,Boris Paichadze National Stadium Dinamo Arena,Georgia,Hungary,Group B2,
48,5,14/11/2026 19:45,Strawberry Arena,Sweden,Bosnia and Herzegovina,Group B4,
49,5,14/11/2026 19:45,National Arena Bucharest,Romania,Poland,Group B4,
50,5,14/11/2026 19:45,Estádio Municipal de Braga,Portugal,Denmark,Group A4,
51,5,14/11/2026 19:45,Oberösterreich Arena,Austria,Republic of Ireland,Group B3,
52,5,14/11/2026 19:45,National Football Stadium at Windsor Park,Northern Ireland,Ukraine,Group B2,
53,6,15/11/2026 14:00,Skonto Stadions,Latvia,Armenia,Group C2,
54,6,15/11/2026 14:00,Limassol Stadium,Cyprus,Montenegro,Group C2,
55,6,15/11/2026 17:00,Helsinki Football Stadium,Finland,San Marino,Group C1,
56,6,15/11/2026 17:00,Illovszky Rudolf Stadion                   ,Belarus,Albania,Group C1,
57,6,15/11/2026 19:45,Stade de Bordeaux,France,Türkiye,Group A1,
58,6,15/11/2026 19:45,King Baudouin Stadium,Belgium,Italy,Group A1,
59,6,15/11/2026 19:45,Opus Arena,Croatia,Czechia,Group A3,
60,6,15/11/2026 19:45,Estadio Metropolitano,Spain,England,Group A3,
61,6,16/11/2026 15:00,Tórsvøllur,Faroe Islands,Moldova,Group C3,
62,6,16/11/2026 15:00,Astana Arena,Kazakhstan,Slovakia,Group C3,
63,6,16/11/2026 17:00,Laugardalsvöllur,Iceland,Luxembourg,Group C4,
64,6,16/11/2026 17:00,Lilleküla Stadium,Estonia,Bulgaria,Group C4,
65,6,16/11/2026 17:00,Dariaus ir Gireno Stadionas,Lithuania,Liechtenstein,Group D2,
66,6,16/11/2026 19:45,Europa Point Stadium,Gibraltar,Malta,Group D1,
67,6,16/11/2026 19:45,Olympiastadion,Germany,Netherlands,Group A2,
68,6,16/11/2026 19:45,Panthessaliko,Greece,Serbia,Group A2,
69,6,16/11/2026 19:45,Sitterstadion,Switzerland,Scotland,Group B1,
70,6,16/11/2026 19:45,National Arena Todor Proeski ,North Macedonia,Slovenia,Group B1,
71,6,17/11/2026 19:45,Nagyerdei Stadion,Israel,Austria,Group B3,
72,6,17/11/2026 19:45,Stadion Bilino Polje,Bosnia and Herzegovina,Romania,Group B4,
73,6,17/11/2026 19:45,Košická futbalová aréna,Ukraine,Georgia,Group B2,
74,6,17/11/2026 19:45,Parken,Denmark,Norway,Group A4,
75,6,17/11/2026 19:45,Cardiff City Stadium,Wales,Portugal,Group A4,
76,6,17/11/2026 19:45,Puskás Aréna,Hungary,Northern Ireland,Group B2,
77,6,17/11/2026 19:45,Stadion Miejski we Wroclawiu,Poland,Sweden,Group B4,
78,6,17/11/2026 19:45,Aviva Stadium,Republic of Ireland,Kosovo,Group B3,
